t1NEMSm1rgI,https://images.unsplash.com/photo-1552196563-55cd4e45efb3
j1Ozj3ZtAmc,https://images.unsplash.com/photo-1552196585-066d05191865
xMHFtD-XTtw,https://images.unsplash.com/photo-1552196527-90dc99d938bc
lBpmXaNQOCM,https://images.unsplash.com/photo-1552196634-24a18d82ac56
4s2FBznYIxg,https://images.unsplash.com/photo-1552196527-9a20ba4db2c3
I7FsT6N94io,https://images.unsplash.com/photo-1552196603-d02485940b9f
y9RW69F3YnM,https://images.unsplash.com/photo-1551656952-93e7973b7651
Qvkv9MyYdLo,https://images.unsplash.com/photo-1551656941-dc4f2593028b
SxR5wZYaOtg,https://images.unsplash.com/photo-1551656984-88b2a2227383
s9laK07dK2A,https://images.unsplash.com/photo-1551656832-685b4a199751
oPpSdpZgeb4,https://images.unsplash.com/photo-1551656927-4f07ba471344
agl-F8e7xGY,https://images.unsplash.com/photo-1551656849-8ec5a09f18c0
CDJCAcAAPlU,https://images.unsplash.com/photo-1554245064-3ab88761ac5d
kycv_tIsaO8,https://images.unsplash.com/photo-1547852355-26c780c450f9
wa8o6rs22Fw,https://images.unsplash.com/photo-1547852356-b20668106c51
L5o5ainVP_I,https://images.unsplash.com/photo-1547852356-68f969d6ac59
N6FsJrlk89U,https://images.unsplash.com/photo-1547852355-61348aeea17c
